,SIO2(WT%),AL2O3(WT%),FEOT(WT%),MGO(WT%),CAO(WT%),NA2O(WT%),K2O(WT%),TIO2(WT%),CR(PPM)
1,50.86,16.71,8.46,8.86,10.64,2.25,1.03,0.72,0
2,50.86,16.71,8.46,8.86,10.64,2.25,1.03,0.72,0
3,50.86,16.71,8.46,8.86,10.64,2.25,1.03,0.72,0
4,51.0,16.11,8.49,9.02,11.06,2.2,0.98,0.69,0
5,51.0,16.11,8.49,9.02,11.06,2.2,0.98,0.69,0
6,51.1,15.58,7.85,9.71,11.03,2.3,1.34,0.68,0
7,51.79,16.03,7.81,9.02,10.69,2.12,1.4,0.68,0
8,51.89,15.15,7.84,8.38,11.06,2.42,1.89,0.89,0
9,52.09,16.38,7.95,9.06,10.08,2.36,1.04,0.65,0
10,52.24,15.9,8.13,8.87,10.65,2.25,0.94,0.66,0
11,52.24,15.9,8.13,8.87,10.65,2.25,0.94,0.66,0
12,52.61,14.61,8.49,10.01,9.95,2.33,1.03,0.66,0
13,48.27,15.7,9.12,12.73,10.8,1.87,0.48,0.73,0
14,48.28,15.68,9.13,12.73,10.81,1.87,0.48,0.73,0
15,48.69,15.21,9.07,11.89,11.42,2.13,0.74,0.69,0
16,48.99,16.03,8.92,11.43,10.9,2.21,0.52,0.7,0
17,49.0,16.03,8.91,11.43,10.9,2.21,0.52,0.7,0
18,49.92,15.84,9.17,10.84,10.06,2.64,0.45,0.83,0
19,50.11,16.05,8.71,11.15,9.96,2.56,0.58,0.75,0
20,50.69,15.52,7.97,10.93,10.11,3.05,0.87,0.74,0
21,50.72,15.46,8.32,11.2,10.16,2.09,1.0,0.78,0
22,54.37,16.11,7.15,8.77,8.88,3.03,0.66,0.69,0
23,56.6,15.41,6.45,8.2,8.1,2.62,1.73,0.64,0
24,56.6,15.4,6.84,7.36,8.53,2.91,1.48,0.77,0
25,57.58,15.01,6.48,7.5,8.49,2.83,1.43,0.44,0
26,45.77,13.23,11.42,12.48,9.6,3.32,1.28,2.33,0
27,45.85,12.59,10.94,14.02,9.64,3.05,1.17,2.15,0
28,45.91,13.86,10.28,11.08,10.31,3.64,1.62,2.56,0
29,45.72,13.24,11.27,11.79,9.83,3.6,1.34,2.58,0
30,44.13,13.68,11.41,11.93,10.49,3.83,1.06,2.66,0
31,55.8,15.88,7.14,7.66,7.66,3.6,1.12,0.82,0
32,55.96,15.82,7.1,7.48,7.73,3.61,1.14,0.82,0
33,49.55,14.5,9.07,9.68,9.41,2.05,3.25,1.58,0
34,49.42,13.64,8.99,10.76,9.53,2.16,2.83,1.59,0
35,50.28,14.8,8.71,11.12,8.92,3.34,1.32,1.01,0
36,51.17,15.09,7.87,9.87,7.7,3.04,2.94,1.41,0
37,52.23,14.35,7.6,9.72,8.01,2.97,2.96,1.35,0
38,52.59,14.28,8.38,8.89,6.87,3.11,4.09,1.4,0
39,52.69,14.34,7.23,8.5,7.51,3.06,4.08,1.56,0
40,52.7,14.02,7.32,10.08,7.52,2.88,3.39,1.28,0
41,52.81,14.67,7.4,8.75,7.35,3.13,3.51,1.49,0
42,53.17,14.94,8.72,9.22,8.21,3.03,1.5,1.09,0
43,53.35,14.36,7.75,8.88,7.49,3.05,2.93,1.3,0
44,53.37,14.41,7.43,9.02,6.96,3.11,4.16,1.42,0
45,53.67,15.45,7.86,8.44,8.08,3.39,1.69,1.05,0
46,53.82,15.88,7.68,8.24,8.29,2.78,1.71,1.18,0
47,54.01,14.68,7.7,9.59,8.11,2.61,1.7,1.18,0
48,54.2,15.25,7.8,8.96,7.54,2.72,1.82,1.29,0
49,54.29,14.22,7.13,7.46,7.32,3.06,4.07,1.43,0
50,54.38,13.89,7.34,8.88,6.25,2.78,4.35,1.25,0
51,54.88,13.78,6.67,9.42,6.53,2.93,3.83,1.21,0
52,55.2,14.1,6.73,9.01,6.35,2.82,4.42,1.27,0
53,55.32,16.08,7.14,7.48,8.6,3.14,1.11,0.81,0
54,55.49,13.9,6.25,8.81,6.56,2.79,4.26,1.2,0
55,55.78,14.99,6.54,7.4,5.9,2.7,5.48,1.13,0
56,55.8,13.23,6.76,8.83,5.58,2.27,5.34,1.38,0
57,56.39,13.9,6.29,8.04,6.22,2.89,4.28,1.16,0
58,59.79,15.05,6.28,6.56,5.5,3.15,2.2,1.11,0
59,47.59,14.68,9.15,10.05,11.6,3.21,1.42,1.49,0
60,48.07,17.8,8.66,9.47,9.68,3.77,0.76,1.31,0
61,48.36,15.11,8.69,9.55,11.95,3.1,1.19,1.4,0
62,48.65,14.54,9.08,9.86,10.9,3.35,1.37,1.62,0
63,49.0,15.55,9.11,10.6,9.33,3.18,1.42,1.24,0
64,49.5,17.01,8.96,9.96,9.53,3.11,0.6,1.0,0
65,50.84,16.81,9.07,10.74,7.57,3.04,0.73,0.87,0
66,51.86,16.82,8.42,8.93,8.09,3.49,1.01,0.98,0
67,52.22,17.06,8.31,8.96,7.76,3.52,0.95,0.88,0
68,47.78,13.89,10.83,16.17,7.93,2.14,0.3,0.67,0
69,48.83,14.77,9.79,14.45,8.63,2.21,0.31,0.71,0
70,54.44,11.61,6.47,9.8,14.78,1.71,0.62,0.42,0
71,53.15,17.98,6.66,7.04,9.85,2.93,1.42,0.7,0
72,54.42,13.68,7.02,8.54,13.47,1.74,0.53,0.45,0
73,54.37,13.8,7.03,8.49,13.11,1.87,0.68,0.47,0
75,53.23,14.23,8.45,10.34,9.93,2.31,0.8,0.41,0
76,51.79,13.17,8.94,12.69,10.26,1.97,0.68,0.41,0
77,49.53,15.1,9.22,11.38,10.87,2.21,0.25,1.15,0
78,49.73,14.55,9.46,10.92,11.52,2.17,0.19,1.16,0
79,49.73,14.55,9.46,10.92,11.52,2.17,0.19,1.16,0
80,49.84,15.98,8.96,10.35,10.85,2.36,0.24,1.12,0
81,50.4,16.77,8.45,9.24,11.21,2.42,0.21,1.02,0
82,49.23,15.95,9.81,10.03,9.47,2.92,0.39,1.59,0
83,49.47,16.62,8.83,10.48,10.08,2.69,0.53,0.92,0
84,49.61,15.56,8.27,9.7,10.91,2.76,1.54,1.15,0
85,49.61,15.64,8.59,9.64,9.83,3.18,1.48,1.36,0
86,49.73,15.59,8.3,10.69,9.8,3.04,0.92,1.32,0
87,49.77,16.15,8.82,9.01,9.55,3.55,1.09,1.52,0
88,49.8,15.63,8.05,9.75,10.48,3.23,1.49,1.07,0
89,50.0,16.36,8.63,8.9,9.35,3.78,1.1,1.38,0
90,50.03,17.11,8.23,8.77,9.67,3.3,1.05,1.25,0
91,50.11,17.51,8.51,8.52,9.13,3.22,1.12,1.29,0
92,50.21,16.54,8.7,8.82,9.36,3.48,0.77,1.63,0
93,50.26,16.28,8.11,9.41,9.72,3.13,1.43,1.15,0
94,50.26,16.19,8.68,8.79,9.43,3.54,1.11,1.48,0
95,50.41,16.49,8.4,8.52,9.74,3.31,1.26,1.3,0
96,50.68,15.96,7.84,8.92,9.18,3.15,1.89,1.65,0
97,50.72,16.13,7.89,8.55,9.2,3.1,2.04,1.65,0
98,50.74,16.54,8.56,8.56,9.47,3.39,0.71,1.57,0
99,50.75,16.54,8.56,8.56,9.47,3.39,0.71,1.56,0
100,50.78,15.87,7.75,8.98,9.25,3.17,1.85,1.61,0
101,50.81,17.0,8.46,8.83,7.83,3.62,1.32,1.56,0
102,50.81,16.94,7.82,9.07,8.9,3.85,0.86,1.21,0
103,50.84,16.11,8.32,8.75,8.89,3.53,1.47,1.29,0
104,51.07,16.17,8.26,8.46,8.79,3.59,1.63,1.31,0
105,51.07,15.26,9.24,9.61,8.47,3.43,1.16,1.33,0
106,51.08,16.39,8.28,9.13,10.16,2.93,0.76,0.85,0
107,51.14,15.33,8.14,9.86,9.09,3.12,1.68,1.16,0
108,51.45,15.7,7.44,10.76,10.04,2.76,0.77,0.67,0
109,51.5,16.79,7.16,8.49,9.38,3.81,1.16,1.2,0
110,51.52,16.39,7.55,7.8,8.18,3.82,2.21,1.7,0
111,51.71,16.46,7.44,8.05,8.43,3.25,2.33,1.58,0
112,51.79,16.29,7.44,8.05,8.95,3.92,1.53,1.33,0
113,51.83,17.02,7.51,8.17,9.07,3.58,1.16,1.19,0
114,51.93,16.64,8.45,8.69,9.11,3.12,0.61,1.07,0
115,52.0,16.54,8.39,8.72,9.15,3.13,0.64,1.06,0
116,47.89,18.25,9.12,9.63,11.43,2.39,0.09,0.94,0
117,48.69,17.33,9.01,9.43,12.08,2.24,0.11,0.85,0
118,47.97,17.51,9.2,9.62,11.44,2.86,0.08,1.05,0
119,48.32,17.41,8.95,10.37,11.68,2.27,0.09,0.69,0
120,47.92,17.54,9.23,9.6,11.43,2.86,0.1,1.05,0
121,47.67,17.46,9.76,9.78,11.14,2.7,0.11,1.08,0
122,47.81,17.73,8.86,10.26,11.85,2.42,0.08,0.74,0
123,47.66,18.42,8.69,9.92,11.71,2.47,0.09,0.77,0
124,47.57,18.1,8.6,10.46,11.87,2.39,0.06,0.71,0
125,48.29,18.3,9.0,9.66,11.13,2.48,0.11,0.79,0
126,48.22,18.32,9.0,9.46,11.37,2.48,0.11,0.81,0
127,52.02,15.7,7.7,10.68,10.02,2.67,0.38,0.57,0
128,47.69,18.54,8.2,10.52,12.02,2.16,0.07,0.59,0
129,47.97,17.05,9.22,10.48,11.87,2.37,0.1,0.7,0
130,48.16,18.26,8.71,9.92,11.44,2.47,0.1,0.72,0
131,48.28,18.55,7.98,9.98,12.07,2.11,0.19,0.62,0
132,48.65,18.02,8.65,9.61,11.21,2.66,0.16,0.77,0
133,48.1,18.0,8.78,9.48,12.26,2.42,0.07,0.67,0
134,47.69,18.6,8.53,9.92,12.1,2.25,0.07,0.65,0
135,47.81,18.21,8.58,10.01,12.21,2.24,0.07,0.64,0
136,48.24,18.25,8.39,9.86,12.01,2.29,0.09,0.66,0
137,47.68,18.53,8.21,10.52,12.02,2.16,0.07,0.59,0
138,47.8,18.0,8.68,10.2,12.1,2.28,0.08,0.63,0
139,48.22,17.51,8.92,9.77,12.33,2.29,0.08,0.66,0
140,48.42,17.86,8.77,9.55,12.0,2.37,0.1,0.71,0
141,48.42,18.24,8.41,9.66,11.92,2.38,0.09,0.65,0
142,47.78,18.25,8.4,10.27,12.07,2.32,0.07,0.63,0
143,47.8,18.3,8.41,10.29,12.08,2.22,0.07,0.63,0
144,47.67,18.29,8.46,10.28,12.08,2.32,0.06,0.63,0
145,47.88,17.99,8.74,10.02,12.15,2.28,0.07,0.67,0
146,51.75,16.2,7.88,10.68,9.57,2.73,0.33,0.6,0
147,51.84,16.04,8.03,10.79,9.77,2.24,0.42,0.6,0
148,51.6,16.24,7.84,10.73,9.6,2.77,0.36,0.6,0
149,47.82,18.41,8.5,9.95,12.12,2.29,0.07,0.63,0
150,47.97,17.99,8.63,9.87,12.08,2.43,0.13,0.68,0
151,47.7,18.1,8.51,10.27,12.16,2.34,0.07,0.64,0
152,47.7,18.4,8.31,10.4,12.1,2.24,0.07,0.6,0
153,47.69,18.2,8.49,10.1,12.2,2.41,0.08,0.63,0
154,47.84,18.02,8.54,9.98,12.27,2.4,0.1,0.64,0
155,47.78,18.29,8.56,9.89,12.18,2.38,0.08,0.64,0
156,47.9,18.1,8.61,9.63,12.25,2.42,0.14,0.71,0
157,47.8,18.3,8.51,10.1,12.0,2.38,0.08,0.63,0
158,48.0,18.2,8.77,9.49,11.92,2.43,0.12,0.82,0
159,51.2,15.67,7.87,11.08,10.68,2.45,0.32,0.52,0
160,50.12,16.65,7.93,10.44,9.81,3.64,0.51,0.63,0
161,51.18,16.39,7.55,11.08,10.09,2.56,0.31,0.57,0
162,51.54,16.85,7.39,9.1,11.27,2.59,0.41,0.6,0
163,51.59,17.27,7.34,9.22,10.44,2.57,0.61,0.71,0
164,48.23,17.41,9.09,10.11,11.41,2.55,0.14,0.8,0
165,48.33,17.37,9.26,9.78,11.18,2.68,0.17,0.96,0
166,48.47,18.18,8.83,9.43,11.31,2.54,0.16,0.82,0
167,49.68,16.46,9.03,10.34,10.54,2.42,0.4,0.85,0
168,53.54,18.46,7.24,7.35,8.8,2.98,0.49,0.93,0
169,52.32,16.33,7.55,10.2,9.34,3.01,0.39,0.6,0
170,52.4,16.28,7.4,10.4,9.6,2.7,0.4,0.56,0
171,52.06,16.77,7.52,9.84,9.56,3.0,0.39,0.61,0
172,53.05,16.85,7.15,8.96,9.65,3.07,0.47,0.56,0
173,58.24,16.02,5.63,7.58,7.73,3.25,0.8,0.52,0
174,56.22,14.16,6.68,10.22,8.53,2.57,0.87,0.49,0
175,52.4,19.44,6.61,7.67,9.36,2.92,0.75,0.61,0
176,52.11,16.47,8.42,8.7,9.1,3.13,0.65,1.05,0
177,52.14,16.68,8.04,8.28,8.13,3.57,1.11,1.51,0
178,52.16,16.82,7.41,8.87,9.64,3.1,0.84,0.84,0
179,52.17,16.86,7.62,8.92,8.86,3.07,1.11,0.92,0
180,52.31,16.65,7.91,8.68,9.22,3.15,0.65,1.06,0
181,52.31,16.48,7.63,8.84,8.8,3.52,0.86,1.16,0
182,52.4,16.66,7.51,8.03,8.61,3.66,1.1,1.51,0
183,52.51,16.09,7.39,8.28,8.99,3.81,1.13,1.15,0
184,52.66,16.04,7.36,8.41,8.49,3.62,1.74,1.13,0
185,52.7,16.0,7.36,8.41,8.49,3.62,1.74,1.13,0
186,52.74,15.63,6.76,9.27,7.73,3.17,2.79,1.26,0
187,52.91,17.08,7.04,7.5,7.63,3.43,2.36,1.41,0
188,52.93,15.45,7.03,10.0,9.64,3.12,0.76,0.72,0
189,52.97,16.21,7.74,9.18,8.83,3.21,0.62,0.92,0
190,53.06,15.5,8.09,9.17,7.73,3.24,1.45,1.26,0
191,53.3,16.55,7.33,7.94,8.26,3.85,0.95,1.37,0
192,53.46,15.65,7.71,9.07,7.69,3.44,1.35,1.16,0
193,53.56,15.21,6.97,10.11,9.46,2.93,0.69,0.71,0
194,53.59,16.69,7.1,8.3,8.04,3.59,1.27,0.96,0
195,53.64,16.9,6.98,7.3,8.62,3.74,1.23,1.04,0
196,53.65,16.6,7.49,8.52,8.23,3.44,0.74,1.0,0
197,53.66,15.87,7.51,8.66,7.77,3.5,1.37,1.18,0
198,53.69,16.51,7.3,8.3,8.37,3.79,0.75,0.97,0
199,53.82,16.31,7.41,8.27,8.37,3.55,0.88,0.96,0
200,53.87,16.86,6.94,7.26,8.58,3.69,1.23,1.04,0
201,54.12,16.44,7.04,8.17,8.03,3.69,1.15,0.95,0
202,54.13,17.14,7.12,7.81,8.41,3.59,0.67,0.82,0
203,54.33,15.54,7.18,8.53,7.6,3.64,1.45,1.26,0
204,54.49,16.6,6.96,8.34,8.87,3.24,0.64,0.51,0
205,54.65,18.32,6.81,8.11,6.91,3.7,0.75,0.75,0
206,47.42,15.09,9.81,10.28,11.55,2.24,1.33,1.59,0
207,51.55,16.11,8.37,8.55,9.1,2.86,1.68,1.16,0
208,51.95,16.49,7.98,8.19,9.13,2.89,1.64,1.16,0
209,51.71,16.3,8.26,8.36,9.12,2.85,1.64,1.16,0
210,51.79,16.32,7.98,8.24,9.32,2.93,1.65,1.17,0
211,51.94,16.06,7.92,8.47,9.56,2.8,1.63,1.04,0
212,51.06,16.06,8.39,8.68,9.63,2.76,1.59,1.21,0
213,50.18,15.98,8.49,11.57,10.89,1.83,0.19,0.64,0
214,50.2,16.47,8.44,10.7,10.97,2.07,0.26,0.67,0
215,50.35,15.38,9.39,10.47,11.11,2.0,0.38,0.65,0
216,50.7,14.43,9.65,11.48,10.81,1.94,0.13,0.65,0
217,50.85,14.83,9.59,10.81,11.15,1.77,0.09,0.68,0
218,49.62,15.16,9.79,11.81,10.73,1.65,0.15,0.71,0
219,50.9,15.62,9.08,10.54,10.99,1.97,0.16,0.52,0
220,51.03,15.44,8.64,11.78,10.4,1.83,0.14,0.48,0
221,51.14,15.81,8.6,10.36,11.09,2.04,0.19,0.52,0
222,51.7,15.61,7.84,11.44,10.79,1.81,0.09,0.5,0
223,51.74,15.36,7.98,11.7,10.52,1.87,0.11,0.51,0
224,52.7,14.29,8.63,9.85,11.41,1.99,0.26,0.57,0
225,52.85,14.64,8.69,9.45,11.0,2.14,0.28,0.6,0
226,53.35,14.48,8.65,9.34,10.7,2.23,0.32,0.59,0
227,53.37,14.61,8.59,9.18,10.81,2.23,0.28,0.59,0
228,52.95,12.93,8.86,13.53,9.34,1.5,0.16,0.51,0
229,52.5,13.42,7.94,10.29,12.81,2.25,0.29,0.32,0
230,53.25,13.31,8.34,12.34,10.4,1.59,0.26,0.28,0
231,53.46,14.45,8.08,10.73,10.57,1.9,0.36,0.29,0
232,53.5,13.32,8.14,12.03,10.7,1.6,0.2,0.28,0
233,53.56,12.96,8.29,12.7,10.2,1.56,0.23,0.28,0
234,53.63,12.07,8.65,13.49,9.34,1.78,0.61,0.24,0
235,53.97,14.81,8.09,11.46,9.77,1.16,0.27,0.3,0
236,54.0,12.19,7.95,12.69,10.31,1.8,0.59,0.25,0
237,54.44,12.74,8.06,12.67,9.15,2.07,0.35,0.25,0
238,55.62,13.31,7.98,12.91,8.12,1.2,0.27,0.15,0
239,55.67,12.25,8.92,10.29,10.2,1.81,0.37,0.27,0
240,55.7,13.33,8.0,12.93,8.14,1.22,0.28,0.15,0
241,55.84,12.54,8.64,10.15,10.28,1.68,0.37,0.29,0
242,55.86,12.25,8.7,10.66,10.03,1.69,0.34,0.27,0
243,56.19,12.52,7.24,9.7,11.91,1.53,0.62,0.15,0
244,56.51,14.27,7.76,12.02,7.47,1.33,0.33,0.16,0
245,56.61,13.28,7.63,11.3,7.88,2.4,0.36,0.21,0
246,57.15,11.02,8.75,13.28,7.65,1.46,0.4,0.14,0
247,57.99,11.1,8.5,11.96,8.02,1.76,0.4,0.11,0
248,58.09,11.17,8.65,12.01,7.22,2.06,0.54,0.11,0
249,58.16,10.48,8.91,12.56,8.03,1.2,0.41,0.11,0
250,58.34,10.64,9.0,12.24,7.41,1.6,0.47,0.14,0
251,58.37,11.0,8.66,12.17,7.9,1.29,0.34,0.11,0
252,58.43,11.71,8.44,11.43,7.57,1.65,0.45,0.17,0
253,58.47,13.37,8.27,9.39,8.11,1.59,0.7,0.1,0
254,58.48,11.36,8.58,11.41,7.77,1.74,0.51,0.15,0
255,58.55,13.53,7.82,8.91,8.28,2.13,0.46,0.14,0
256,58.58,11.37,8.56,11.27,7.76,1.62,0.52,0.14,0
257,58.58,12.21,8.16,10.39,8.0,1.84,0.43,0.18,0
258,58.6,11.38,8.24,11.75,7.65,1.64,0.44,0.14,0
259,58.71,11.56,8.58,11.14,7.89,1.37,0.39,0.17,0
260,58.83,10.4,8.65,12.49,7.22,1.61,0.46,0.12,0
261,58.96,11.36,8.0,12.15,6.95,1.82,0.46,0.13,0
262,59.25,10.86,8.23,11.95,7.29,1.54,0.57,0.12,0
263,59.69,11.65,7.95,11.87,6.66,1.71,0.17,0.12,0
264,58.37,13.51,7.99,8.91,8.39,2.07,0.45,0.15,0
265,58.55,11.12,8.68,11.33,7.85,1.69,0.43,0.16,0
266,58.48,11.0,8.56,12.1,7.33,1.7,0.5,0.15,0
267,58.42,11.09,8.7,11.98,7.1,1.85,0.5,0.15,0
268,58.23,11.23,8.66,11.8,7.34,1.83,0.56,0.14,0
269,58.29,11.03,8.56,12.86,7.23,1.29,0.44,0.11,0
270,58.05,12.0,8.24,11.32,7.79,1.8,0.44,0.16,0
271,57.54,11.08,8.93,12.66,7.2,1.77,0.48,0.14,0
272,57.69,10.8,8.46,13.41,7.05,1.66,0.59,0.15,0
273,57.93,10.66,8.46,13.09,7.67,1.47,0.44,0.1,0
274,60.36,12.98,7.91,8.33,7.36,2.2,0.54,0.15,0
275,47.91,18.05,8.23,9.13,11.77,2.99,0.36,1.15,0
276,50.67,16.65,7.63,8.72,11.77,2.75,0.29,1.28,0
277,50.85,14.9,7.75,11.75,11.54,1.69,0.54,0.67,0
278,49.69,16.23,8.61,9.74,11.27,2.99,0.07,1.13,0
279,49.69,16.0,8.75,10.36,10.93,2.74,0.11,1.14,0
280,49.91,16.09,8.79,10.4,10.98,2.3,0.11,1.14,0
281,49.91,16.29,8.66,9.8,11.33,2.53,0.07,1.14,0
282,50.06,16.14,8.74,10.09,11.01,2.37,0.13,1.17,0
283,50.06,16.38,8.48,9.31,11.5,2.65,0.18,1.17,0
284,48.43,18.02,7.63,9.99,11.39,3.22,0.06,0.97,0
285,49.1,17.78,7.85,9.57,11.42,2.86,0.1,1.06,0
286,48.86,15.02,9.28,13.56,10.77,1.59,0.08,0.59,0
287,49.07,14.31,9.62,14.14,10.0,1.73,0.35,0.54,0
288,49.17,14.03,9.4,14.75,9.69,1.8,0.32,0.59,0
289,49.5,14.9,9.33,12.91,10.36,1.91,0.22,0.61,0
290,49.54,14.31,9.35,13.58,10.33,1.83,0.21,0.6,0
291,49.6,14.68,9.19,13.07,10.59,1.86,0.16,0.61,0
292,49.93,14.37,9.22,12.94,10.56,1.82,0.28,0.64,0
293,50.01,14.41,9.25,12.76,10.61,1.8,0.28,0.64,0
294,50.24,15.14,9.37,11.05,10.82,2.06,0.42,0.67,0
295,50.39,15.22,9.38,10.71,10.91,2.06,0.42,0.68,0
296,50.46,15.23,9.19,11.64,10.23,2.19,0.24,0.61,0
297,51.27,14.15,8.22,12.6,10.62,1.8,0.58,0.5,0
298,51.77,13.76,9.45,11.89,10.12,1.79,0.46,0.53,0
299,52.03,14.66,8.37,10.7,10.78,2.0,0.7,0.53,0
300,48.94,16.23,8.84,11.37,10.87,2.08,0.49,0.89,0
301,49.08,15.66,9.19,12.79,9.78,2.17,0.41,0.63,0
302,49.5,14.38,9.07,13.35,9.9,2.18,0.4,0.91,0
303,49.5,13.83,9.32,13.48,9.89,2.21,0.45,0.99,0
304,49.7,14.01,9.12,13.39,9.67,2.26,0.55,0.99,0
305,49.71,13.91,9.15,12.75,10.43,2.28,0.48,0.96,0
306,49.91,14.09,9.19,12.93,9.79,2.31,0.48,0.97,0
307,50.15,14.05,9.05,13.16,9.51,2.27,0.56,0.95,0
308,50.19,14.36,9.07,12.68,9.82,2.23,0.45,0.91,0
309,50.36,14.56,8.86,12.85,9.52,2.17,0.46,0.91,0
310,51.17,14.49,9.27,9.88,10.49,2.6,0.83,0.98,0
311,51.47,15.09,9.47,10.13,10.62,1.68,0.44,0.81,0
312,51.49,14.19,8.76,12.28,9.73,1.93,0.65,0.69,0
313,51.54,13.69,8.5,12.66,9.26,2.58,0.46,1.04,0
314,51.7,14.54,8.97,9.55,10.51,2.6,0.85,0.98,0
315,51.74,15.97,7.75,10.7,9.58,2.55,0.58,0.82,0
316,51.83,15.95,7.86,10.44,9.71,2.47,0.56,0.87,0
317,51.83,15.27,7.85,11.41,9.8,2.31,0.42,0.82,0
318,48.93,16.75,8.61,9.6,10.84,2.01,1.56,1.19,0
319,48.96,15.25,8.62,11.86,10.78,1.99,1.21,0.83,0
320,49.17,15.17,8.6,11.57,11.06,1.87,1.19,0.85,0
321,49.18,15.13,8.69,11.81,10.75,1.87,1.2,0.86,0
322,49.23,16.37,8.59,9.96,10.93,1.99,1.58,0.87,0
323,49.25,14.76,8.51,12.57,10.48,1.88,1.22,0.83,0
324,49.29,16.26,8.59,9.9,10.99,2.04,1.56,0.9,0
325,49.69,16.85,8.38,8.7,10.59,2.21,1.56,1.45,0
326,48.29,16.05,9.52,10.62,10.68,2.26,0.84,1.28,0
327,49.17,15.28,9.61,10.51,9.58,2.91,1.07,1.42,0
328,49.18,15.24,8.17,11.07,9.44,3.38,1.45,1.28,0
329,49.33,15.21,9.4,11.24,9.81,2.56,0.73,1.27,0
330,49.5,16.08,7.6,9.25,10.02,2.86,2.45,1.29,0
331,49.61,15.72,8.9,9.62,10.01,2.77,1.31,1.55,0
332,49.65,14.9,9.32,11.96,8.87,2.61,1.22,1.03,0
333,49.97,16.62,8.47,9.81,9.23,3.22,1.04,1.23,0
334,50.05,16.77,8.46,9.3,10.57,1.92,1.25,1.19,0
335,50.06,15.57,8.4,10.45,10.04,2.8,1.11,1.11,0
336,50.09,15.48,7.19,9.48,10.16,3.33,2.22,1.3,0
337,50.3,15.28,8.56,10.19,10.1,2.86,1.1,1.11,0
338,50.35,16.3,8.38,9.42,9.42,3.31,1.08,1.33,0
339,50.53,15.26,9.38,9.76,8.99,2.99,1.15,1.31,0
340,50.61,16.34,8.31,9.71,9.15,3.39,0.92,1.16,0
341,50.68,16.47,8.39,9.5,9.1,3.3,0.95,1.19,0
342,50.69,16.49,8.52,8.75,9.35,3.26,1.13,1.36,0
343,50.7,16.42,8.24,9.65,9.02,3.1,1.15,1.29,0
344,50.79,14.5,9.77,10.73,9.37,2.46,0.74,1.24,0
345,50.8,14.66,8.96,11.14,9.42,2.65,1.02,0.98,0
346,50.81,16.55,8.46,8.8,9.13,3.35,1.12,1.34,0
347,50.87,14.85,8.93,10.82,9.45,2.68,1.03,0.99,0
348,50.91,17.17,7.59,8.74,8.86,3.29,1.49,1.42,0
349,50.91,17.16,7.59,8.74,8.86,3.29,1.49,1.42,0
350,50.95,16.73,6.8,9.2,9.11,3.88,1.59,1.12,0
351,50.96,16.72,7.11,9.0,9.07,3.7,1.62,1.17,0
352,51.16,16.32,6.33,8.49,10.53,3.13,2.07,1.07,0
353,51.3,16.82,7.5,9.45,9.08,2.98,1.32,1.06,0
354,51.31,16.53,7.76,9.14,8.95,3.55,1.14,1.18,0
355,51.33,16.9,7.04,9.62,8.77,3.54,1.31,1.0,0
356,51.35,16.8,7.5,8.66,8.9,3.35,1.79,1.07,0
357,51.36,16.87,7.39,8.55,8.94,3.43,1.81,1.06,0
358,51.38,15.29,8.39,10.54,9.15,2.77,1.37,0.96,0
359,51.46,17.43,6.74,9.2,9.08,3.59,1.17,0.88,0
360,51.69,17.66,7.06,8.89,9.03,3.3,1.05,0.88,0
361,51.69,17.66,7.05,8.89,9.03,3.3,1.05,0.88,0
362,51.73,17.55,6.99,8.71,9.2,3.41,1.09,0.9,0
363,51.81,13.82,8.64,11.16,9.22,2.45,1.19,1.33,0
364,52.02,17.53,6.48,9.09,8.97,3.73,1.03,0.8,0
365,53.31,16.27,7.37,8.83,10.01,2.5,0.57,0.81,0
366,53.25,15.61,7.46,10.09,9.67,2.32,0.58,0.73,0
367,52.1,14.95,8.62,9.41,8.9,2.83,1.44,1.22,0
368,52.25,14.92,8.63,9.37,8.87,2.74,1.49,1.22,0
369,52.17,16.17,7.4,10.21,8.37,3.03,1.3,0.94,0
370,53.06,17.07,6.81,8.39,8.08,3.6,1.48,1.15,0
371,57.24,15.18,6.75,8.13,7.4,3.17,1.08,0.76,0
372,57.72,15.79,6.5,6.67,7.71,3.36,1.12,0.82,0
373,55.76,14.3,7.06,10.05,7.59,3.24,0.92,0.76,0
374,54.72,14.41,7.89,9.34,8.03,3.32,0.97,0.98,0
375,54.01,16.02,7.65,8.71,8.33,3.06,0.77,1.06,0
376,53.26,16.05,7.29,8.04,10.76,2.83,0.57,0.82,0
377,53.46,16.48,7.16,9.24,9.3,2.68,0.55,0.8,0
378,53.25,16.89,7.12,9.14,9.33,2.65,0.48,0.81,0
379,53.32,16.28,7.26,9.63,9.36,2.5,0.54,0.81,0
380,52.05,15.97,7.72,10.79,9.43,2.41,0.57,0.8,0
381,52.39,14.04,8.28,11.49,9.15,2.78,0.56,1.02,0
382,61.29,15.35,5.79,6.39,5.35,3.46,1.3,0.79,0
383,57.02,15.31,6.65,8.11,7.58,3.14,1.15,0.76,0
384,56.93,15.3,6.6,8.23,7.63,3.16,1.11,0.76,0
385,57.3,15.46,6.64,7.67,7.57,3.18,1.14,0.77,0
386,56.48,15.1,7.76,7.79,7.62,3.06,1.09,0.83,0
387,55.36,13.96,7.38,10.59,7.56,3.11,0.97,0.79,0
388,54.96,14.55,7.88,9.1,7.9,3.28,1.0,1.0,0
389,54.87,13.75,7.46,11.1,7.82,2.93,0.93,0.81,0
390,54.73,14.39,7.96,9.15,8.11,3.34,0.99,0.99,0
391,54.58,14.56,8.03,9.28,7.97,3.25,0.99,1.0,0
392,54.3,16.13,7.65,8.34,8.24,3.25,0.67,1.08,0
393,52.54,15.07,8.94,9.64,8.52,3.01,0.7,1.17,0
394,52.29,16.03,7.74,10.14,9.48,2.66,0.57,0.78,0
395,52.56,16.16,7.85,9.69,9.42,2.66,0.58,0.78,0
396,53.08,16.19,7.36,9.67,9.28,2.81,0.52,0.79,0
397,54.07,12.77,8.36,12.8,8.83,1.73,0.65,0.56,0
398,54.47,12.97,8.3,12.1,8.95,1.8,0.6,0.59,0
399,54.0,12.75,8.41,12.9,8.83,1.69,0.64,0.55,0
400,54.08,14.78,8.03,9.64,9.37,2.35,0.9,0.6,0
401,54.51,15.15,8.11,8.85,9.61,2.22,0.69,0.63,0
402,53.71,15.37,8.25,8.98,9.51,2.43,0.8,0.71,0
403,52.67,16.05,8.76,9.32,8.97,2.39,0.73,0.84,0
404,52.51,16.02,8.71,9.14,9.18,2.5,0.77,0.91,0
405,61.21,15.06,6.0,7.26,4.93,2.57,1.79,0.91,0
406,57.55,15.61,6.71,7.48,7.47,2.99,1.13,0.77,0
407,54.59,15.65,6.52,10.17,7.99,3.32,0.74,0.76,0
408,59.76,16.37,5.37,6.65,6.02,3.12,1.94,0.65,0
409,59.37,15.01,5.96,8.32,6.41,2.83,1.44,0.54,0
410,57.56,15.85,5.57,8.82,6.8,2.97,1.7,0.64,0
411,57.64,15.77,5.79,8.32,6.67,3.16,1.79,0.75,0
412,56.87,15.24,6.28,8.34,8.02,2.77,1.68,0.64,0
413,53.82,15.62,7.6,9.32,8.38,2.85,1.44,0.81,0
414,56.5,16.74,5.91,7.85,7.45,3.02,1.74,0.67,0
415,56.8,15.26,6.1,9.17,7.01,3.16,1.69,0.69,0
416,57.47,15.9,5.87,8.51,6.5,3.05,1.76,0.65,0
417,53.45,15.95,7.69,9.83,8.39,2.65,1.0,0.78,0
418,60.37,16.2,4.88,6.58,5.68,3.63,1.82,0.58,0
419,60.92,16.4,4.76,5.83,5.79,3.6,1.84,0.59,0
420,61.2,16.38,4.66,5.75,5.49,3.77,1.91,0.57,0
421,60.38,16.23,4.89,6.37,5.75,3.7,1.83,0.59,0
422,60.43,16.22,4.82,6.36,5.82,3.61,1.86,0.59,0
423,60.43,16.29,4.97,6.28,5.66,3.7,1.84,0.59,0
424,60.13,16.05,4.95,6.72,5.84,3.62,1.83,0.59,0
425,60.35,16.38,4.96,6.13,5.81,3.66,1.83,0.59,0
426,58.67,16.73,5.19,6.81,6.7,3.24,2.01,0.55,0
427,60.48,16.33,4.9,6.19,5.8,3.6,1.86,0.59,0
428,60.48,16.23,4.98,6.2,5.78,3.64,1.85,0.59,0
429,60.27,16.39,4.92,6.28,5.83,3.65,1.82,0.59,0
430,59.54,16.4,5.17,6.56,6.17,3.53,1.78,0.59,0
431,59.85,16.46,5.04,6.21,6.16,3.6,1.8,0.6,0
432,60.15,16.39,4.92,6.42,5.76,3.62,1.88,0.59,0
433,59.87,16.39,5.11,6.34,6.07,3.55,1.79,0.6,0
434,60.46,16.22,4.89,6.33,5.73,3.66,1.85,0.58,0
435,60.21,16.33,5.09,6.24,5.83,3.6,1.81,0.59,0
436,59.85,16.56,4.95,6.16,6.28,3.54,1.79,0.6,0
437,59.79,16.36,5.06,6.49,6.08,3.56,1.8,0.59,0
438,59.6,16.5,5.15,6.3,6.26,3.54,1.78,0.61,0
439,59.7,16.5,5.06,6.29,6.2,3.57,1.8,0.6,0
440,59.66,16.49,5.14,6.25,6.25,3.58,1.77,0.6,0
441,59.79,16.35,5.19,6.41,6.01,3.57,1.82,0.59,0
442,59.57,16.5,5.14,6.35,6.23,3.53,1.79,0.6,0
443,60.04,16.45,5.07,6.09,6.13,3.54,1.82,0.6,0
444,59.53,16.43,5.17,6.45,6.24,3.53,1.78,0.6,0
445,59.61,16.64,5.14,6.14,6.26,3.53,1.81,0.61,0
446,59.66,16.55,5.19,6.2,6.21,3.53,1.8,0.6,0
447,59.64,16.3,5.4,6.6,6.38,3.26,1.53,0.65,0
448,59.47,16.55,5.08,6.37,6.29,3.54,1.79,0.6,0
449,59.5,16.55,5.15,6.34,6.35,3.51,1.75,0.6,0
450,59.73,16.32,5.51,6.37,6.34,3.19,1.62,0.67,0
451,59.54,16.44,5.18,6.45,6.25,3.5,1.78,0.6,0
452,58.63,16.68,5.46,6.47,6.65,3.47,1.77,0.6,0
453,58.73,16.57,5.34,6.65,6.66,3.43,1.76,0.6,0
454,58.87,16.55,5.39,6.6,6.57,3.4,1.76,0.6,0
455,58.4,16.64,5.45,6.71,6.69,3.42,1.81,0.61,0
456,58.59,16.76,5.46,6.45,6.61,3.47,1.78,0.62,0
457,58.08,14.75,6.06,8.66,6.74,3.21,1.61,0.58,0
458,57.54,13.63,6.82,9.5,6.68,2.96,1.89,0.65,0
459,57.79,16.32,6.0,8.19,6.26,2.97,1.61,0.66,0
460,57.51,14.1,6.54,8.73,6.94,3.06,2.08,0.76,0
461,57.49,13.5,6.96,10.08,6.4,2.85,1.77,0.69,0
462,57.78,16.17,6.39,6.87,6.63,3.09,1.86,0.88,0
463,57.37,14.66,7.54,7.94,7.5,2.71,1.17,0.81,0
464,57.09,12.39,8.1,10.69,6.64,2.56,1.55,0.71,0
465,56.92,12.42,8.06,10.81,6.8,2.5,1.51,0.72,0
466,57.35,16.57,5.74,7.15,7.09,3.04,2.15,0.63,0
467,57.18,16.73,5.65,7.3,7.07,3.11,2.07,0.62,0
468,56.52,13.42,6.87,10.63,6.34,3.11,2.12,0.71,0
469,56.34,16.28,6.43,8.73,6.47,2.76,2.09,0.65,0
470,56.24,14.17,7.12,8.54,9.13,2.0,1.8,0.73,0
471,56.21,13.8,7.28,10.56,7.13,2.65,1.41,0.72,0
472,56.07,14.46,7.8,8.92,7.28,2.48,1.84,0.87,0
473,56.83,16.11,6.31,7.38,7.32,2.82,2.24,0.66,0
474,55.5,14.29,7.85,9.58,7.92,2.34,1.53,0.71,0
475,60.08,15.84,5.63,6.13,5.45,3.83,1.65,1.02,0
476,55.61,15.93,6.88,7.85,6.21,4.02,1.74,1.31,0
477,55.54,16.12,7.05,7.79,6.86,3.55,1.46,1.26,0
478,53.65,16.34,7.56,9.57,8.38,2.56,0.93,0.75,0
479,57.01,13.89,7.79,8.42,7.39,2.66,1.64,0.87,0
480,56.93,13.92,7.84,8.43,7.38,2.62,1.72,0.86,0
481,55.34,13.75,8.9,8.93,7.53,2.79,1.55,0.9,0
482,44.78,13.92,9.73,12.09,12.04,3.38,1.36,1.92,0
483,45.64,13.93,9.86,13.25,10.87,2.8,1.29,1.65,0
484,45.86,13.84,10.21,11.97,11.01,2.93,1.58,1.89,0
485,46.09,13.29,10.31,12.33,11.41,2.6,1.33,1.91,0
486,46.29,14.88,9.68,11.09,9.35,4.34,0.91,2.7,0
487,46.74,15.51,9.23,9.92,9.12,4.63,1.26,2.8,0
488,47.43,15.38,10.24,10.23,9.73,3.08,1.44,1.96,0
489,47.58,14.72,10.89,11.07,9.49,2.87,0.86,1.87,0
490,47.61,14.44,10.11,11.51,9.46,2.81,1.57,1.89,0
491,47.71,15.92,10.95,11.1,8.09,1.83,1.31,2.58,0
492,47.71,14.8,10.16,11.38,9.46,2.55,1.38,1.95,0
493,47.76,14.5,9.86,10.64,10.79,3.02,0.91,1.83,0
494,48.21,15.26,9.18,11.01,10.01,3.06,1.11,1.47,0
495,48.34,15.24,9.26,9.56,9.54,3.1,1.82,2.17,0
496,48.67,15.04,9.18,9.88,10.66,3.03,1.24,1.65,0
497,48.78,16.43,8.55,9.92,10.98,1.92,1.3,1.59,0
498,48.98,14.85,9.72,10.29,10.1,2.86,0.99,1.69,0
499,49.54,13.81,10.13,10.7,9.89,2.76,1.03,1.61,0
500,49.84,13.7,9.75,11.96,7.37,3.42,1.46,1.97,0
501,50.08,13.1,10.47,11.49,7.71,3.25,1.49,1.99,0
502,46.9,14.55,10.2,13.15,9.13,2.66,1.33,1.51,0
503,47.05,15.2,9.99,11.98,10.91,2.24,1.24,0.98,0
504,47.15,15.68,9.77,10.56,9.64,3.02,1.86,1.68,0
505,49.49,15.62,9.61,10.04,10.18,2.7,0.78,1.16,0
506,49.93,16.3,9.17,9.88,9.72,2.88,0.7,1.04,0
507,50.15,14.14,8.91,12.2,9.38,2.89,1.05,0.9,0
508,50.5,13.75,8.84,11.83,10.78,2.31,0.87,0.76,0
509,50.56,13.59,8.88,12.41,9.71,2.72,0.9,0.89,0
510,50.65,13.07,10.31,11.06,9.5,2.36,1.25,1.27,0
511,50.66,16.36,8.74,9.45,9.11,3.24,0.9,1.11,0
512,50.96,13.95,8.97,11.37,9.68,2.86,0.96,0.91,0
513,51.53,16.39,8.97,9.6,8.53,2.71,1.06,0.82,0
514,51.59,13.78,8.5,12.18,8.43,2.57,1.68,0.73,0
515,51.62,14.41,8.74,11.28,9.89,2.33,0.58,0.84,0
516,51.63,14.12,8.75,11.22,9.01,2.92,1.11,0.87,0
517,51.64,13.53,8.66,11.9,10.23,2.38,0.57,0.81,0
518,51.79,13.58,8.6,11.6,10.29,2.49,0.55,0.81,0
519,51.83,13.56,8.63,11.89,10.11,2.34,0.56,0.8,0
520,51.88,13.47,8.57,11.88,10.16,2.43,0.53,0.78,0
521,51.91,13.94,8.72,10.96,10.17,2.59,0.59,0.82,0
522,52.04,13.99,8.55,11.12,10.18,2.42,0.58,0.83,0
523,52.59,12.59,8.95,11.41,8.9,2.81,1.45,0.92,0
524,52.73,14.46,8.38,9.88,9.3,3.38,0.72,0.83,0
525,52.74,12.63,8.62,11.98,8.69,2.71,1.36,0.88,0
526,53.13,12.51,8.57,11.61,8.6,2.87,1.44,0.87,0
527,53.18,16.39,8.05,9.83,7.65,2.81,0.63,0.98,0
528,53.48,15.27,8.24,8.84,9.36,2.88,0.76,0.85,0
529,53.5,14.59,8.21,9.44,9.59,2.78,0.74,0.84,0
530,53.75,14.95,7.29,10.71,8.08,3.09,1.06,0.71,0
531,54.32,13.79,7.56,11.07,7.89,3.01,1.36,0.66,0
532,54.47,15.7,6.91,9.77,7.43,3.72,1.1,0.63,0
533,54.49,15.05,7.17,9.57,8.44,3.07,1.15,0.72,0
534,54.66,16.04,6.85,8.72,8.35,3.47,0.81,0.8,0
535,54.79,15.79,6.65,9.5,7.39,3.82,1.14,0.64,0
536,54.89,15.73,7.34,8.7,7.02,3.84,1.16,0.99,0
537,57.55,15.85,5.35,8.14,6.18,4.24,1.66,0.73,0
538,49.35,14.46,8.42,12.61,11.36,1.9,0.73,0.8,0
539,50.21,15.38,7.81,11.19,11.33,2.56,0.33,0.95,0
540,51.21,16.92,7.72,8.26,10.64,3.41,0.41,1.14,0
541,47.51,15.82,9.61,11.41,11.21,2.2,0.99,0.88,0
542,53.43,16.04,7.4,9.06,9.57,2.62,0.88,0.66,0
543,52.86,16.43,7.57,8.87,10.05,2.68,0.47,0.79,0
544,52.35,15.03,7.88,10.18,9.6,2.95,0.9,0.77,0
545,52.23,16.5,7.83,9.3,9.72,2.55,0.77,0.8,0
546,51.2,15.91,8.32,10.61,9.95,2.41,0.44,0.87,0
547,49.4,16.07,8.87,11.16,10.65,2.21,0.52,0.84,0
548,48.77,15.38,9.21,12.87,10.05,1.78,0.58,0.93,0
549,48.64,15.31,8.81,11.83,10.95,2.49,0.64,0.99,0
550,48.64,14.9,8.86,12.14,11.13,2.38,0.64,0.97,0
551,48.33,15.26,9.38,9.99,12.71,2.17,0.81,1.02,0
552,48.22,14.99,9.17,10.16,12.79,2.44,0.82,1.05,0
553,48.2,13.67,9.19,13.02,11.84,2.11,0.76,0.89,0
554,48.2,15.9,9.02,12.44,10.68,2.26,0.26,0.96,0
555,48.19,15.09,9.19,10.17,12.82,2.35,0.8,1.04,0
556,48.19,13.67,9.19,13.02,11.83,2.11,0.76,0.9,0
557,48.19,15.61,9.51,12.7,10.3,1.77,0.55,0.95,0
558,48.17,15.09,9.3,13.36,11.31,1.1,0.43,0.95,0
559,48.01,15.43,9.72,10.66,11.91,2.46,0.5,1.01,0
560,47.97,15.93,9.13,12.71,10.47,2.28,0.28,0.95,0
561,47.95,14.24,8.94,13.56,11.73,2.1,0.37,0.84,0
562,47.82,13.64,9.13,12.85,12.57,2.05,0.76,0.79,0
563,47.81,13.61,9.24,15.06,10.47,2.17,0.5,0.83,0
564,47.78,16.82,8.43,10.27,10.89,3.13,1.2,1.02,0
565,47.76,17.76,8.7,10.01,11.06,2.75,0.72,0.88,0
566,47.55,13.74,9.42,14.64,10.96,2.11,0.43,0.89,0
567,47.54,16.68,8.38,12.17,10.82,2.88,0.37,0.8,0
568,47.39,14.07,9.09,14.68,11.15,2.04,0.42,0.89,0
569,47.32,14.07,9.52,15.01,10.52,1.82,0.43,0.85,0
570,47.28,14.78,9.27,14.24,10.94,1.94,0.41,0.87,0
571,47.25,15.12,8.33,12.85,12.29,2.42,0.43,0.92,0
572,47.22,14.63,9.38,14.12,11.15,1.97,0.37,0.88,0
573,47.21,18.38,8.23,9.19,11.6,2.88,1.09,0.87,0
574,47.19,13.67,9.35,14.03,11.83,2.27,0.45,0.9,0
575,47.18,14.55,9.41,14.36,11.04,1.93,0.4,0.86,0
576,47.17,13.42,9.67,14.4,11.58,1.75,0.64,0.96,0
577,47.06,14.74,8.94,12.35,13.16,1.71,0.5,1.07,0
578,47.03,14.0,9.49,13.42,12.29,2.1,0.44,0.94,0
579,46.93,15.55,9.06,12.58,11.91,2.09,0.41,0.99,0
580,46.84,16.82,8.62,11.01,12.18,2.49,0.54,1.01,0
581,46.52,12.97,9.08,14.39,11.62,2.45,1.28,1.1,0
582,46.49,14.87,9.42,14.55,10.96,2.14,0.4,0.89,0
583,46.43,16.71,8.83,12.19,11.45,2.61,0.49,0.81,0
584,46.43,16.71,8.83,12.19,11.45,2.61,0.49,0.81,0
585,46.36,12.62,9.44,14.62,12.34,1.9,1.11,1.14,0
586,46.35,12.62,9.44,14.62,12.34,1.9,1.11,1.15,0
587,46.05,16.07,8.73,11.06,13.63,1.9,1.02,0.96,0
588,46.04,13.46,9.45,13.87,12.7,1.81,1.05,1.17,0
589,45.83,12.73,9.55,15.53,12.5,1.96,0.55,0.93,0
590,45.83,12.73,9.55,15.53,12.5,1.96,0.55,0.93,0
591,45.63,13.5,10.0,14.6,12.78,1.47,0.57,0.88,0
592,45.61,16.25,9.24,10.91,13.04,2.42,0.93,1.04,0
593,45.5,14.67,9.56,12.29,13.26,2.35,0.74,1.09,0
594,45.42,14.43,9.02,13.71,12.85,2.42,0.69,0.92,0
595,45.35,15.75,9.16,13.4,11.87,2.5,0.7,0.91,0
596,45.29,16.71,8.85,11.64,11.81,3.28,0.95,0.96,0
597,45.09,15.46,9.18,14.42,11.48,2.49,0.66,0.83,0
598,44.52,16.56,9.02,11.72,12.09,3.73,0.9,0.98,0
599,48.5,13.91,9.97,11.44,11.31,2.3,1.02,0.99,0
600,48.5,16.84,8.85,11.61,9.54,2.46,0.71,1.02,0
601,49.6,14.99,8.18,12.2,10.52,2.49,0.83,0.83,0
602,50.43,15.17,8.16,11.1,10.37,2.63,0.89,0.86,0
603,50.46,15.25,8.11,11.26,10.42,2.49,0.8,0.85,0
604,51.98,16.76,7.7,8.9,9.42,3.06,0.94,0.86,0
605,50.07,16.16,8.39,9.12,10.37,2.84,1.48,0.93,0
606,49.58,14.85,9.8,10.28,10.35,1.97,1.87,0.82,0
607,49.65,14.99,9.79,10.6,9.94,1.92,1.77,0.84,0
608,50.93,14.41,8.95,10.29,9.95,2.21,2.0,0.81,0
609,53.69,14.69,8.17,9.12,8.13,2.99,2.03,0.72,0
610,49.33,17.62,7.63,9.21,12.27,2.35,0.55,0.72,0
611,49.82,17.47,7.63,9.98,12.0,1.92,0.13,0.85,0
612,49.69,16.67,8.21,10.28,11.57,2.06,0.32,0.97,0
613,49.65,16.51,8.26,10.75,11.51,1.86,0.33,0.89,0
614,49.74,16.44,8.17,10.71,11.59,1.95,0.28,0.88,0
615,50.96,16.39,7.38,9.61,11.21,2.65,0.61,1.02,0
616,50.2,16.32,8.32,8.91,11.46,2.86,0.53,1.11,0
617,49.92,16.31,7.82,10.25,12.45,2.08,0.28,0.81,0
618,50.98,16.25,7.75,10.0,10.78,2.6,0.54,0.94,0
619,51.01,15.8,8.72,9.61,10.54,2.41,0.51,1.13,0
620,51.1,15.77,8.6,9.58,10.55,2.5,0.48,1.12,0
621,50.11,15.71,7.93,10.77,11.87,2.2,0.26,0.89,0
622,50.49,15.51,8.36,11.04,10.71,2.34,0.46,0.95,0
623,51.37,14.94,7.57,10.05,11.48,3.24,0.22,0.92,0
624,51.31,14.65,7.69,11.99,10.52,2.48,0.29,0.86,0
625,50.36,14.51,8.65,10.39,12.05,2.72,0.2,0.9,0
626,49.27,14.39,8.47,13.29,10.96,2.36,0.18,0.86,0
627,49.05,14.03,8.39,14.1,10.99,2.29,0.14,0.82,0
628,50.24,15.85,8.09,10.59,11.36,2.38,0.35,0.93,0
629,49.6,14.61,8.36,12.98,10.8,1.92,0.62,0.82,0
630,49.27,14.24,8.4,13.93,10.66,1.91,0.49,0.8,0
631,53.42,17.92,7.6,8.22,10.1,1.97,0.15,0.43,0
632,53.82,17.23,7.2,9.59,8.68,2.0,0.52,0.57,0
633,53.82,17.23,7.2,9.59,8.68,2.0,0.52,0.57,0
634,52.72,16.19,8.35,10.16,9.16,2.09,0.47,0.56,0
635,52.72,16.19,8.35,10.16,9.16,2.09,0.47,0.56,0
636,53.19,15.41,7.7,10.85,10.1,1.88,0.29,0.43,0
637,55.13,15.34,7.81,9.44,8.52,2.49,0.79,0.33,0
638,55.12,14.89,7.89,9.98,8.68,2.21,0.64,0.38,0
639,55.4,14.34,7.17,10.39,8.9,2.22,1.07,0.33,0
640,56.09,14.06,7.71,10.74,8.41,1.48,1.05,0.28,0
641,58.22,11.29,8.94,12.29,6.27,1.84,0.71,0.22,0
642,57.67,10.64,8.75,14.09,6.13,1.57,0.72,0.22,0
643,48.58,14.69,8.34,10.57,10.42,2.66,2.67,1.15,0
644,48.86,14.9,8.32,10.21,8.63,5.02,1.67,1.13,0
645,49.08,14.31,8.5,10.71,10.35,2.46,2.61,1.11,0
646,49.57,14.91,8.21,9.99,8.42,5.05,1.59,1.11,0
647,50.26,15.1,7.77,11.83,8.44,3.59,1.42,1.01,0
648,50.4,14.14,7.98,10.23,9.49,4.27,1.78,1.05,0
649,50.74,16.55,7.82,8.86,9.33,3.31,1.83,1.1,0
650,50.74,16.55,7.82,8.86,9.33,3.31,1.83,1.1,0
651,50.85,16.07,7.28,9.91,9.2,3.54,1.52,1.01,0
652,50.96,16.21,7.73,8.5,8.8,4.4,1.64,1.02,0
653,50.96,16.21,7.73,8.5,8.8,4.4,1.64,1.02,0
654,50.99,16.8,8.28,8.92,9.05,3.25,1.14,1.2,0
655,50.99,16.8,8.28,8.92,9.05,3.25,1.14,1.2,0
656,51.69,16.23,7.71,9.03,8.8,3.39,1.88,0.79,0
657,50.99,16.8,8.28,8.92,9.05,3.25,1.14,1.2,0
658,51.74,17.28,7.81,9.12,9.01,3.26,0.68,0.84,0
659,51.74,17.28,7.81,9.12,9.01,3.26,0.68,0.84,0
660,51.74,17.28,7.81,9.12,9.01,3.26,0.68,0.84,0
661,51.84,16.13,8.03,10.45,9.23,2.54,0.77,0.74,0
662,51.85,16.08,8.16,8.52,8.61,3.49,1.46,1.31,0
663,63.03,15.7,4.49,5.67,5.37,3.08,1.69,0.72,0
664,62.95,16.23,4.33,5.78,5.11,3.18,1.49,0.68,0
665,62.95,16.23,4.33,5.78,5.11,3.18,1.49,0.68,0
666,61.65,15.37,5.05,5.88,5.35,4.06,1.52,0.82,0
667,58.91,14.55,4.95,6.73,7.43,4.46,1.68,0.89,0
668,59.83,15.8,5.62,6.25,6.26,3.79,1.52,0.68,0
669,58.71,15.65,6.05,7.11,6.21,3.84,1.29,0.85,0
670,52.06,16.81,7.93,9.82,9.52,2.33,0.53,0.76,0
671,52.08,14.78,7.56,9.18,9.03,4.3,1.53,1.0,0
672,52.24,16.5,6.93,8.81,8.91,3.24,2.02,0.81,0
673,52.26,15.28,7.4,8.11,7.53,4.6,2.57,1.23,0
674,52.26,15.28,7.4,8.11,7.53,4.6,2.57,1.23,0
675,52.47,15.18,7.74,11.78,7.94,3.18,0.71,0.72,0
676,52.49,16.82,6.94,9.38,8.5,4.09,0.77,0.73,0
677,53.24,14.9,7.75,9.72,7.71,4.11,0.9,1.21,0
678,59.31,15.58,5.29,6.9,6.39,4.02,1.49,0.73,0
679,58.48,14.87,5.09,6.09,7.78,4.29,1.9,1.0,0
680,57.86,15.53,5.24,7.22,7.22,4.55,1.29,0.79,0
681,58.1,16.03,5.91,6.95,6.23,4.2,1.34,0.91,0
682,59.44,14.85,4.83,6.65,7.42,3.84,1.77,0.92,0
683,58.1,16.03,5.91,6.96,6.23,4.2,1.34,0.92,0
684,58.75,15.3,5.11,6.28,7.9,3.55,1.82,0.91,0
685,58.3,15.53,5.94,6.6,6.49,4.12,1.67,0.94,0
686,58.28,15.79,5.15,7.03,7.24,4.07,1.34,0.82,0
687,57.33,15.86,6.33,7.37,7.01,3.72,1.16,0.9,0
688,57.2,15.12,6.47,8.09,7.32,3.54,1.13,0.83,0
689,57.34,16.19,6.31,6.77,7.0,3.8,1.27,1.0,0
690,57.33,14.97,6.35,8.24,6.98,3.58,1.21,1.01,0
691,57.53,15.92,5.37,7.73,7.25,3.91,1.04,0.96,0
692,57.4,15.82,6.59,7.29,6.7,3.7,1.48,0.69,0
693,57.14,15.67,6.34,7.76,7.06,3.66,1.19,0.89,0
694,56.81,15.47,5.83,7.28,7.25,3.94,2.1,0.86,0
695,55.15,16.05,6.92,7.63,7.1,4.06,1.78,0.85,0
696,56.37,17.06,5.38,6.63,7.31,4.47,1.91,0.61,0
697,55.58,15.95,6.4,7.12,7.25,4.8,1.43,1.0,0
698,56.06,16.45,5.49,7.41,7.07,4.5,2.01,0.66,0
699,55.94,16.25,5.3,7.5,7.03,4.51,2.4,0.72,0
700,55.9,15.95,6.5,8.21,7.21,3.48,1.18,1.22,0
701,56.01,15.68,5.36,7.29,6.89,4.51,2.93,0.86,0
702,55.3,15.89,6.92,7.66,6.93,4.47,1.27,1.15,0
703,55.53,15.58,6.74,9.0,7.48,3.24,1.31,0.81,0
704,54.83,15.19,7.17,9.09,7.68,3.54,1.26,0.85,0
705,55.37,16.86,7.01,7.39,7.1,3.83,1.08,1.03,0
706,54.77,16.12,6.99,8.01,7.3,4.43,1.08,0.96,0
707,54.64,15.49,6.75,9.78,7.69,3.53,1.02,0.81,0
708,54.63,15.36,7.41,8.84,7.36,3.48,1.32,1.2,0
709,54.75,15.84,7.1,9.19,7.92,3.07,1.03,0.82,0
710,54.8,15.58,7.14,9.27,7.83,3.27,0.99,0.8,0
711,54.68,15.33,7.15,9.73,7.83,3.25,0.94,0.8,0
712,54.64,16.26,7.38,7.91,7.13,3.87,1.12,1.29,0
713,54.79,16.07,6.71,8.0,7.5,4.13,1.55,0.87,0
714,54.49,15.98,6.7,7.54,7.84,3.62,2.41,0.9,0
715,54.5,15.56,6.87,9.61,7.78,3.69,0.89,0.79,0
716,53.99,15.47,7.1,7.88,8.05,3.82,2.24,0.89,0
717,54.51,17.12,6.66,8.11,8.11,3.65,0.81,0.71,0
718,54.34,17.17,7.0,8.28,8.28,3.03,0.86,0.79,0
719,55.03,15.27,5.93,6.26,7.69,4.15,3.77,1.02,0
720,53.85,15.75,6.94,9.75,7.68,4.07,0.86,0.79,0
721,54.46,15.71,6.95,9.65,7.67,3.47,0.95,0.84,0
722,54.31,15.4,6.73,8.67,7.86,4.16,1.5,0.94,0
723,54.82,16.36,7.04,7.38,7.06,4.56,1.17,1.19,0
724,53.98,15.76,6.48,7.41,7.76,3.98,3.01,1.01,0
725,53.71,17.15,7.3,7.69,8.04,3.8,0.95,1.01,0
726,53.82,15.69,7.11,9.92,7.98,3.48,0.9,0.82,0
727,53.55,16.89,7.29,8.2,8.37,3.69,0.82,0.89,0
728,53.82,16.72,7.13,8.33,8.35,3.66,0.87,0.82,0
729,53.99,15.64,7.17,9.91,7.74,3.46,0.93,0.86,0
730,52.75,15.95,7.48,8.72,8.26,3.54,1.91,0.88,0
731,52.85,14.27,7.68,9.37,7.34,4.07,2.39,1.06,0
732,53.83,15.46,7.21,10.1,8.08,3.38,0.87,0.8,0
733,53.38,16.19,7.28,9.23,8.41,3.62,0.79,0.79,0
734,53.17,15.94,7.74,8.86,8.17,3.63,1.26,0.86,0
735,53.76,15.39,7.24,10.21,8.05,3.36,0.92,0.8,0
736,53.65,17.08,7.55,8.59,8.08,3.03,0.8,0.92,0
737,54.26,15.43,5.97,7.32,7.74,4.75,2.94,0.97,0
738,53.88,17.26,6.96,8.08,7.87,3.8,0.92,0.9,0
739,53.69,15.7,7.6,8.79,7.91,4.08,0.9,0.97,0
740,53.08,16.18,7.46,9.39,8.44,3.58,0.75,0.83,0
741,53.08,16.02,7.57,10.42,7.43,3.45,0.82,0.88,0
742,52.97,16.25,7.3,8.61,8.48,3.11,1.66,1.09,0
743,53.64,16.36,7.32,8.46,7.19,4.44,0.88,1.27,0
744,53.08,16.96,7.36,8.52,8.39,3.71,0.8,0.89,0
745,53.32,14.56,7.15,8.38,7.91,4.88,1.83,1.15,0
746,52.82,16.41,7.39,9.08,8.63,3.77,0.78,0.82,0
747,53.25,15.19,6.74,9.01,9.11,3.64,1.52,1.01,0
748,52.86,14.87,7.56,10.15,7.37,4.55,0.99,1.22,0
749,52.68,15.02,7.08,9.95,8.92,3.34,1.66,0.77,0
750,52.94,15.76,7.44,10.24,8.15,3.44,0.92,0.83,0
751,52.98,16.45,7.4,9.76,7.62,3.55,1.06,0.88,0
752,53.49,15.08,6.26,7.28,7.72,5.18,3.02,1.15,0
753,52.91,14.93,7.69,10.19,7.91,3.59,1.12,1.23,0
754,52.58,15.09,7.28,9.93,8.8,3.27,1.61,0.85,0
755,52.92,16.9,7.29,9.31,8.5,3.24,0.71,0.81,0
756,52.6,16.6,7.53,9.38,8.54,3.5,0.75,0.82,0
757,52.52,16.75,7.33,9.5,8.82,2.95,0.96,0.82,0
758,46.78,15.11,9.22,11.42,11.98,2.1,1.26,1.49,0
759,46.33,13.04,10.81,13.63,10.31,2.33,0.74,2.13,0
760,46.08,14.71,10.78,12.8,9.88,2.48,1.04,1.64,0
761,46.04,13.41,10.53,14.56,10.09,2.35,0.97,1.54,0
762,46.86,14.51,10.23,12.55,10.55,2.43,0.87,1.36,0
763,46.25,13.91,10.81,13.34,9.76,2.66,1.04,1.61,0
764,44.13,14.0,10.23,14.0,11.03,3.12,1.01,1.64,0
765,44.23,14.11,10.55,14.11,10.62,2.9,1.05,1.68,0
766,44.32,14.39,10.99,14.66,10.07,2.5,0.87,1.48,0
767,44.62,12.98,10.97,15.82,10.1,2.43,0.89,1.61,0
768,45.11,12.52,11.11,14.73,10.65,2.68,0.88,1.56,0
769,45.13,13.7,10.62,14.71,10.79,2.42,0.83,1.31,0
770,45.45,15.55,9.8,10.91,11.36,3.54,1.03,1.46,0
771,45.76,14.78,10.48,12.87,10.99,2.41,0.64,1.45,0
772,46.03,13.92,9.78,14.61,10.31,2.78,0.78,1.19,0
773,46.69,12.82,10.63,15.07,9.95,2.24,0.77,1.24,0
774,46.81,15.1,9.84,11.9,10.68,2.9,0.93,1.32,0
775,47.35,15.75,9.64,11.14,10.08,2.91,1.09,1.4,0
776,47.11,13.8,9.94,13.1,10.87,2.4,1.0,1.24,0
777,55.5,14.39,5.15,6.31,7.45,3.64,5.44,1.17,0
778,56.31,14.89,5.37,5.6,6.7,4.36,4.63,1.27,0
779,56.96,14.83,4.86,5.91,6.53,4.16,4.82,1.05,0
780,50.97,13.45,7.27,9.93,7.68,3.02,4.73,1.62,0
781,50.4,12.99,7.55,9.74,7.84,2.96,5.29,1.79,0
782,50.97,13.45,7.27,9.93,7.68,3.02,4.73,1.62,0
783,50.4,12.99,7.55,9.74,7.84,2.96,5.29,1.79,0
784,50.51,13.03,7.49,9.72,7.82,3.0,5.28,1.67,0
785,51.06,13.26,7.18,9.02,7.68,2.59,5.67,1.88,0
786,51.06,13.26,7.18,9.02,7.68,2.59,5.67,1.88,0
787,51.12,13.2,7.09,8.85,7.63,2.77,5.84,1.87,0
788,51.84,12.64,6.71,9.08,7.76,2.88,5.95,1.74,0
789,51.12,13.2,7.09,8.85,7.63,2.77,5.84,1.87,0
790,52.57,13.8,7.03,8.02,7.51,2.74,5.18,1.62,0
791,52.34,13.15,6.81,9.64,8.34,3.25,4.37,1.24,0
792,52.32,13.74,7.05,7.94,7.84,2.75,5.19,1.63,0
793,50.69,14.21,7.54,9.3,7.66,2.45,4.6,1.84,0
794,50.35,13.68,7.26,9.6,7.56,2.86,5.51,1.63,0
795,51.1,12.65,6.98,9.79,7.34,2.24,6.43,1.73,0
796,51.18,13.73,7.25,8.85,7.92,3.03,4.6,1.79,0
797,51.6,12.58,6.81,9.02,7.85,2.87,6.11,1.73,0
798,50.35,12.75,7.61,10.33,9.05,4.27,2.85,1.52,0
799,49.05,12.64,7.87,11.73,8.98,2.59,4.45,1.38,0
800,49.05,12.64,7.87,11.73,8.98,2.59,4.45,1.38,0
801,49.86,12.81,7.89,11.38,9.09,3.32,3.06,1.36,0
802,49.91,12.53,8.04,10.95,9.22,4.33,2.37,1.42,0
803,50.49,14.56,8.04,8.54,7.88,4.71,2.89,1.36,0
804,51.86,15.18,8.46,9.07,7.6,4.45,1.22,1.57,0
805,49.62,12.66,7.97,11.8,8.71,3.13,3.43,1.4,0
806,50.11,12.89,7.82,11.45,8.8,3.07,3.17,1.33,0
807,51.13,12.14,7.59,10.29,8.64,3.4,3.6,1.65,0
808,50.96,12.23,7.21,11.4,8.22,3.29,3.49,1.64,0
809,49.89,13.62,7.98,9.88,9.15,2.99,3.72,1.61,0
810,50.02,12.98,8.22,12.48,8.62,1.72,3.46,1.46,0
811,47.88,16.19,8.38,9.76,10.97,3.15,1.49,1.61,0
812,47.76,15.78,8.19,10.6,11.5,2.87,1.28,1.48,0
813,47.93,16.01,8.29,10.15,10.93,3.11,1.47,1.55,0
814,48.01,16.03,8.27,10.23,11.03,2.94,1.4,1.52,0
815,48.16,15.9,8.32,10.11,10.82,3.18,1.43,1.53,0
816,48.1,16.06,8.22,9.91,10.99,3.17,1.44,1.54,0
817,47.97,16.16,8.2,9.9,10.98,3.22,1.46,1.53,0
818,47.98,16.06,8.27,10.04,10.97,3.15,1.43,1.54,0
819,48.07,15.96,8.18,10.78,10.48,3.05,1.36,1.55,0
820,51.86,14.26,8.28,12.28,9.83,2.01,0.49,0.72,0
821,50.9,14.12,9.17,12.42,9.8,2.11,0.48,0.73,0
822,51.38,14.19,8.73,12.35,9.81,2.06,0.49,0.73,0
823,52.63,12.79,8.87,13.26,9.68,1.65,0.43,0.47,0
824,52.87,12.85,8.45,13.32,9.72,1.66,0.44,0.48,0
825,55.8,14.44,7.44,9.71,9.2,2.21,0.4,0.56,0
826,55.94,13.26,7.32,10.13,8.96,2.39,1.15,0.63,0
827,55.94,13.26,7.33,10.13,8.96,2.39,1.15,0.63,0
828,55.94,13.26,7.32,10.13,8.96,2.39,1.15,0.63,0
829,56.16,11.9,7.91,11.54,9.52,1.7,0.59,0.42,0
830,56.32,12.17,8.17,10.67,9.05,2.25,0.72,0.44,0
831,56.54,13.29,7.33,9.57,8.59,2.68,1.18,0.59,0
832,49.34,14.83,8.53,12.05,13.06,1.38,0.18,0.42,0
833,49.35,14.83,8.79,12.13,12.81,1.25,0.19,0.44,0
834,49.39,15.08,8.51,11.73,13.22,1.25,0.18,0.42,0
835,49.43,17.09,7.83,11.37,10.59,2.63,0.25,0.62,0
836,50.53,17.08,7.52,10.68,10.53,2.6,0.23,0.64,0
837,50.59,16.77,8.5,10.3,10.21,2.65,0.15,0.6,0
838,50.72,16.57,7.87,10.68,10.82,2.27,0.17,0.58,0
839,50.86,16.32,8.07,10.66,10.7,2.25,0.23,0.58,0
840,50.95,15.91,8.4,11.42,9.56,2.68,0.18,0.59,0
841,51.11,17.21,7.86,9.6,10.2,2.68,0.5,0.64,0
842,51.25,16.41,7.68,10.73,10.69,2.26,0.2,0.58,0
843,51.26,16.34,7.49,10.73,10.86,2.27,0.25,0.59,0
844,51.33,17.31,7.49,9.8,10.72,2.33,0.23,0.62,0
845,54.09,15.2,7.88,10.87,6.52,4.17,0.47,0.56,0
846,52.27,15.19,8.58,12.29,7.37,2.95,0.54,0.59,0
847,51.48,17.39,7.45,9.84,10.45,2.38,0.23,0.62,0
848,51.32,14.24,8.99,11.15,10.35,2.13,0.72,0.85,0
849,56.42,14.1,6.98,8.14,8.66,3.11,1.35,0.93,0
850,50.9,16.62,8.01,9.07,11.57,2.35,0.06,1.16,0
851,47.18,16.4,9.39,11.55,10.82,2.95,0.34,1.0,0
852,47.62,16.23,9.5,11.01,10.42,3.21,0.46,1.16,0
853,48.2,15.5,9.55,10.2,10.79,3.62,0.49,1.31,0
854,49.22,17.55,8.01,10.49,9.42,3.3,0.51,1.01,0
855,49.35,15.98,8.64,9.85,10.15,3.72,0.61,1.26,0
856,49.56,15.52,8.66,10.95,9.85,3.28,0.58,1.15,0
857,49.63,16.01,9.06,9.06,10.2,4.0,0.49,1.09,0
858,50.52,15.92,8.16,11.3,10.69,2.24,0.31,0.7,0
859,51.18,16.26,8.64,8.9,10.26,2.9,0.4,1.19,0
860,47.99,15.96,9.33,11.82,11.52,1.83,0.74,0.44,0
861,48.36,15.95,8.06,12.8,11.58,1.72,0.7,0.47,0
862,48.4,16.23,7.88,12.28,11.77,1.89,0.73,0.46,0
863,48.4,16.78,8.42,10.85,12.18,1.83,0.7,0.47,0
864,48.59,16.33,8.02,11.62,11.92,1.94,0.72,0.48,0
865,48.73,9.01,11.49,17.15,10.59,1.37,0.79,0.43,0
866,48.75,13.1,9.25,14.83,10.76,1.81,0.55,0.61,0
867,48.96,11.57,10.22,13.73,11.71,1.56,1.16,0.69,0
868,49.17,9.96,10.43,15.95,10.06,2.09,1.37,0.48,0
869,49.25,10.26,11.2,14.93,10.46,1.78,1.13,0.53,0
870,49.42,11.39,12.26,12.2,10.58,1.91,1.24,0.51,0
871,49.59,12.22,9.81,13.62,10.72,1.9,1.12,0.57,0
872,50.04,11.52,11.32,13.24,9.98,1.81,1.03,0.61,0
873,50.45,11.62,10.02,14.06,9.77,2.03,0.96,0.69,0
874,50.59,15.42,8.54,9.53,11.63,2.04,1.31,0.58,0
875,50.78,14.29,9.66,10.74,9.97,2.26,1.07,0.82,0
876,50.86,11.83,9.64,13.14,10.52,1.99,1.01,0.61,0
877,53.64,15.4,8.39,9.08,8.62,2.87,0.9,0.7,0
878,51.85,11.61,8.32,11.9,8.14,1.75,4.81,0.86,0
879,49.43,11.88,9.63,10.32,11.01,1.56,3.83,1.11,0
880,53.69,13.01,7.45,8.18,7.49,1.77,6.07,1.04,0
881,58.95,15.21,6.09,6.82,6.52,2.39,3.01,0.64,0
882,51.15,16.68,8.96,9.25,10.16,2.53,0.09,0.98,0
884,48.4,15.71,9.2,11.51,11.52,2.21,0.37,0.82,0
885,48.45,16.12,8.97,11.24,11.24,2.39,0.4,0.99,0
886,48.8,15.8,9.54,10.67,11.17,2.41,0.4,1.01,0
887,48.81,15.81,9.4,10.86,11.6,1.97,0.37,0.86,0
888,49.03,15.1,8.58,12.53,11.6,1.94,0.29,0.7,0
889,49.17,15.48,9.15,11.1,11.39,2.31,0.32,0.8,0
890,49.19,15.33,9.13,11.22,11.32,2.2,0.5,0.9,0
891,49.22,15.85,9.18,11.07,11.09,2.07,0.36,0.84,0
892,49.23,15.98,9.0,10.89,11.31,2.21,0.34,0.8,0
893,49.31,15.73,8.94,11.06,11.38,2.18,0.35,0.81,0
894,49.32,16.11,8.96,10.63,11.2,2.35,0.35,0.81,0
895,49.32,16.12,8.83,10.41,11.68,2.25,0.33,0.8,0
896,49.38,15.91,8.95,10.81,11.37,2.17,0.34,0.82,0
897,49.38,15.62,9.1,10.88,11.29,2.22,0.3,1.01,0
898,49.5,15.66,8.96,11.24,11.11,2.06,0.34,0.83,0
899,49.57,16.96,7.92,11.07,10.87,2.34,0.27,0.75,0
900,49.69,16.37,8.97,9.99,11.29,2.23,0.36,0.83,0
901,49.7,16.74,7.92,11.02,10.92,2.41,0.31,0.75,0
902,49.81,14.97,9.07,11.28,11.18,2.3,0.4,0.8,0
903,50.05,15.78,8.44,11.46,10.75,2.31,0.24,0.74,0
904,43.67,12.33,9.44,14.69,11.03,2.06,4.81,0.98,0
905,44.48,11.84,8.91,10.64,14.74,1.72,5.22,0.98,0
906,45.17,13.62,9.39,10.39,13.27,2.6,3.1,1.26,0
907,46.32,12.68,8.94,13.12,11.42,2.07,3.59,1.06,0
908,47.16,11.29,7.9,12.46,12.17,2.07,5.51,0.68,0
909,47.58,12.34,8.24,10.31,11.3,2.61,5.62,0.72,0
910,48.29,11.86,8.2,9.64,11.88,2.41,6.05,0.8,0
912,48.82,11.05,9.35,13.66,10.94,2.33,2.57,0.58,0
913,48.95,11.1,9.35,14.91,10.02,1.83,2.62,0.56,0
914,49.02,11.4,9.34,14.3,10.04,1.95,2.67,0.59,0
915,49.12,11.63,9.54,13.98,11.35,2.13,1.14,0.54,0
916,49.12,11.28,9.38,14.57,9.85,1.96,2.59,0.58,0
917,49.26,11.56,9.2,13.57,10.23,1.92,2.92,0.57,0
918,49.35,13.11,9.64,12.01,9.07,1.92,3.47,0.68,0
919,49.39,13.24,8.8,12.84,9.48,3.32,1.46,0.62,0
920,49.47,14.09,9.29,10.76,10.1,2.12,2.7,0.72,0
921,49.47,12.73,9.76,10.81,12.16,2.02,1.96,0.58,0
922,50.82,10.39,9.37,14.13,10.18,2.23,1.88,0.58,0
923,52.42,11.12,9.54,14.87,9.99,1.41,0.2,0.21,0
924,53.22,11.45,9.1,13.37,8.85,2.66,0.93,0.24,0
925,54.14,11.29,9.86,14.02,9.42,0.77,0.09,0.22,0
926,54.54,11.43,9.3,13.34,9.53,1.09,0.34,0.22,0
927,55.17,10.94,10.0,12.14,9.24,1.48,0.48,0.31,0
928,55.39,10.85,9.87,12.05,9.36,1.48,0.48,0.29,0
929,55.77,10.79,8.67,13.87,8.88,1.33,0.22,0.22,0
930,48.31,16.99,8.91,10.06,11.9,2.48,0.05,1.13,0
931,48.44,17.02,8.98,10.24,11.54,2.4,0.02,1.16,0
932,46.62,15.74,9.56,10.68,10.49,2.88,1.02,2.28,0
933,47.59,16.05,9.6,10.57,9.4,3.6,0.73,1.86,0
934,46.79,15.77,9.41,10.83,10.36,3.02,1.39,1.86,0
935,46.2,15.33,9.34,11.91,11.18,2.62,0.97,1.83,0
936,47.95,15.97,9.19,10.21,9.58,3.17,1.52,1.82,0
937,46.84,14.53,10.01,11.92,10.88,2.42,1.09,1.66,0
938,47.12,11.51,10.59,15.01,11.94,2.07,0.61,0.75,0
939,47.12,11.51,10.58,15.01,11.94,2.06,0.61,0.75,0
940,47.54,10.95,10.1,16.17,11.19,1.39,1.53,0.58,0
941,47.73,10.84,10.25,15.81,11.44,1.42,1.42,0.59,0
942,48.14,11.27,10.15,15.73,11.24,1.65,0.9,0.54,0
943,48.15,11.35,10.23,15.07,11.11,1.87,1.2,0.6,0
944,48.18,11.46,10.36,14.99,11.27,1.68,1.05,0.6,0
945,48.33,11.52,10.09,14.84,11.61,1.78,0.91,0.56,0
946,48.35,11.42,10.39,16.39,9.88,1.72,0.86,0.62,0
947,48.55,12.78,10.36,13.14,11.14,1.86,1.11,0.65,0
948,48.55,12.33,10.08,13.64,11.33,1.8,1.2,0.65,0
949,48.63,12.81,10.33,12.29,12.06,1.88,0.91,0.71,0
950,48.67,11.79,10.1,14.42,10.74,2.01,1.24,0.61,0
951,49.03,13.1,9.89,12.7,11.56,1.89,0.84,0.59,0
952,49.04,13.52,10.01,11.1,11.67,2.35,1.18,0.74,0
953,49.12,13.53,9.44,12.79,11.4,1.96,0.75,0.69,0
954,49.16,14.06,9.03,12.24,11.91,1.99,0.63,0.62,0
955,49.26,13.86,10.14,10.84,11.29,2.15,1.29,0.7,0
956,49.29,14.3,9.54,12.04,10.79,2.17,0.84,0.73,0
957,49.45,13.39,10.09,10.55,12.26,2.22,1.01,0.66,0
958,49.49,13.5,10.08,10.71,11.43,2.42,1.26,0.72,0
959,50.94,16.33,8.4,9.65,10.67,2.33,0.66,0.77,0
960,51.63,15.39,7.49,9.93,10.8,2.36,0.86,1.03,0
961,51.65,15.39,7.48,9.94,10.8,2.37,0.84,1.03,0
962,51.81,14.37,8.01,10.75,10.55,2.4,0.75,1.01,0
963,54.37,13.56,8.75,10.54,9.42,1.97,0.64,0.54,0
